{"cameraMode":{"drawMode":0,"name":"Shaded","section":"Shading Mode"},"sceneLighting":false,"audioPlay":false,"sceneViewState":{"showFog":true,"showMaterialUpdate":false,"showSkybox":false,"showFlares":true,"showImageEffects":true,"showParticleSystems":true,"showVisualEffectGraphs":true,"m_FxEnabled":true},"in2DMode":false,"pivot":{"x":7.540000915527344,"y":1.5000001192092896,"z":3.131150245666504},"rotation":{"x":0.22244323790073396,"y":0.005849576089531183,"z":-0.0013346915366128088,"w":0.9749271273612976},"size":8.322169303894043,"orthographic":false}