{"cameraMode":{"drawMode":0,"name":"Shaded","section":"Shading Mode"},"sceneLighting":true,"audioPlay":false,"sceneViewState":{"showFog":true,"showMaterialUpdate":false,"showSkybox":true,"showFlares":true,"showImageEffects":true,"showParticleSystems":true,"showVisualEffectGraphs":true,"m_FxEnabled":true},"in2DMode":false,"pivot":{"x":153.97044372558595,"y":78.85472106933594,"z":434.62408447265627},"rotation":{"x":0.1538834273815155,"y":-0.005928521975874901,"z":0.0009232833399437368,"w":0.9880708456039429},"size":905.2160034179688,"orthographic":false}